0,1,2
https://m.media-amazon.com/images/I/815trQ0iVNL._AC_UL320_ML3_.jpg,"Bodyfit 8-in-1 Home Gym Package Box Pack Bench, 50Kg Weight Set","4,599"
https://m.media-amazon.com/images/I/512vWqvxLDL._AC_UL320_ML3_.jpg,"Bodyfit 30Kg Weight Plates Home Gym Fitness Package 4 Rods,Gym Bag,Gym Accessories.","1,385"
https://m.media-amazon.com/images/I/71Eo77d1wpL._AC_UL320_ML3_.jpg,BodyFit Weight Plates 20 In 1 Bench Home Gym Fitness Package Exercise Sets (100 Kg),"8,675"
https://m.media-amazon.com/images/I/81DCAT+l6HL._AC_UL320_ML3_.jpg,Protoner 30kg Rubber Home Gym Package with 4 Rods,"91,749"
https://m.media-amazon.com/images/I/51gf673ruEL._AC_UL320_ML3_.jpg,"Protoner 30KG Combo of 5ft Rod,3ft Rod,2 D.Rods Home Gym and Fitness Kit (4bigh30a)","1,389"
https://m.media-amazon.com/images/I/51VYbb-vskL._AC_UL320_ML3_.jpg,"Protoner 30Kg Weight Plates,5Ft Rod,3Ft Curl Rod,2D.Rods Home Gym Dumbell Set,Accessories.","1,489"
https://m.media-amazon.com/images/I/71hPVZvN7UL._AC_UL320_ML3_.jpg,BodyFit 100KG Weight Plates 20 in 1 Bench Complete Home Gym Package.,"8,650"
https://m.media-amazon.com/images/I/51bUep6gngL._AC_UL320_ML3_.jpg,HASHTAG FITNESS Leather Combo-Wb Home Gym Kit (30 Kg),"1,569"
https://m.media-amazon.com/images/I/81eb5-gTydL._AC_UL320_ML3_.jpg,"Body Maxx 50KG Rubber Weight Plates Home Gym Fitness Package 4 RODS,Gym Bag,Gym Accessories.","2,840"
https://m.media-amazon.com/images/I/71TjXrIzixL._AC_UL320_ML3_.jpg,Protoner 20kg with 3 Rods PVC Weight Lifting Package,"1,348"
https://m.media-amazon.com/images/I/81Qf2wR6pzL._AC_UL320_ML3_.jpg,"Generic Home Gym Combo, 20Kg",950
https://m.media-amazon.com/images/I/71rj9tZhImL._AC_UL320_ML3_.jpg,Protoner 20 kg PVC weight with 4 rods home gym package,"1,299"
https://m.media-amazon.com/images/I/81fYN-r8vNL._AC_UL320_ML3_.jpg,"Protoner 20WITH4 Rubber Home Gym Set, 20Kg","1,499"
https://m.media-amazon.com/images/I/51nNJKJn-4L._AC_UL320_ML3_.jpg,"Protoner 20kg Weight Lifting Package with Straight Rod, Adult","4,499"
https://m.media-amazon.com/images/I/517G1M1ne-L._AC_UL320_ML3_.jpg,"Protoner PR508IN1 8-in-1 Rubber Home Gym Package with Bench, 50Kg","1,999"
https://m.media-amazon.com/images/I/51npDflpm6L._AC_UL320_ML3_.jpg,Protoner 20kg Weight Lifting Package with Rods,875
https://m.media-amazon.com/images/I/51aVTUpyMlL._AC_UL320_ML3_.jpg,HASHTAG FITNESS-TUFF-Stuff Home Gym Steel Plates with Weight 50kg Exercise Combo kit,"1,499"
https://m.media-amazon.com/images/I/712v-un4bWL._AC_UL320_ML3_.jpg,HASHTAG FITNESS 20 in 1 Home Gym Bench with 50 kg Home Gym Equipments & Combo kit,"1,499"
https://m.media-amazon.com/images/I/71JfITor3HL._AC_UL320_ML3_.jpg,HASHTAG FITNESS 60 Kg Home Gym Set & Combo kit with 20 in 1 Bench and Preacher curl Bench,"1,995"
https://m.media-amazon.com/images/I/817yQiYmZsL._AC_UL320_ML3_.jpg,HASHTAG FITNESS 20 in 1 Bench with Preacher CURL Including Home Gym Kit 80 Kg PVC Weights,"1,375"
https://m.media-amazon.com/images/I/714BwIJiLkL._AC_UL320_ML3_.jpg,"BODY MAXX PVC Weight Lifting Package with 3 Rods, 20kg","1,439"
https://m.media-amazon.com/images/I/71WovxCeH2L._AC_UL320_ML3_.jpg,"Protoner 20KG PVC Home Gym Combo, 20Kg","2,549"
https://m.media-amazon.com/images/I/81At9GRFESL._AC_UL320_ML3_.jpg,Kore K-PVC 20kg Combo 3 Leather Home Gym and Fitness Kit,"1,439"
https://m.media-amazon.com/images/I/512vWqvxLDL._AC_UL320_ML3_.jpg,"Bodyfit 50Kg Weight Plates Home Gym Fitness Package 4 Rods,Gym Bag,Gym Accessories.","1,700"
https://m.media-amazon.com/images/I/512vWqvxLDL._AC_UL320_ML3_.jpg,"Bodyfit BF-30KG COMBO 5ft Rod,3ft Rod,2 D.Rods Home Gym and Fitness Kit.","2,999"
https://m.media-amazon.com/images/I/71gctLI8RfL._AC_UL320_ML3_.jpg,"GOLD FITNESS 8 in 1 Bench, Home Gym Package of 24kg Rubber Plates with 5ft Plain and 3ft Curl Rod for Dumbbell","1,185"
https://m.media-amazon.com/images/I/618vcNjSPKL._AC_UL320_ML3_.jpg,Protoner PVC Adjustable Dumbbell Set,"4,999"
https://m.media-amazon.com/images/I/51ieLdY69AL._AC_UL320_ML3_.jpg,Protoner 30 Kg PVC Weight Lifting Package with Rods,"5,269"
https://m.media-amazon.com/images/I/71YTqi3l16L._AC_UL320_ML3_.jpg,Protoner 30 kg with Flat Bench Home Gym Fitness Package,968
https://m.media-amazon.com/images/I/51ieLdY69AL._AC_UL320_ML3_.jpg,Protoner 30KG Combo Home Gym Package.,"1,468"
https://m.media-amazon.com/images/I/41YbLL2oYLL._AC_UL320_ML3_.jpg,"Protoner PR20K3 Rubber Home Gym Package, 20Kg","1,340"
https://m.media-amazon.com/images/I/71KHHELDMKL._AC_UL320_ML3_.jpg,"Protoner PR50K4 Rubber Home Gym Package with 4 Rods, 50Kg","1,575"
https://m.media-amazon.com/images/I/7128YtV5S3L._AC_UL320_ML3_.jpg,Protoner 10 KGS + 3' CURL ROD & 2 Dumbbell Rods weight lifting home gym fitness package,"9,149"
https://m.media-amazon.com/images/I/81iDLrC8GML._AC_UL320_ML3_.jpg,Protoner 50 kg with 8 in 1 Bench Home Gym Package with Kettle Bell and Accessories,"3,720"
https://m.media-amazon.com/images/I/71egisfpZeL._AC_UL320_ML3_.jpg,Kore 50 Kg (PVC/Rubber) Home Gym and Fitness Kit with 8 in 1 Multipurpose Bench with Home Gym Accessories,"1,187"
https://m.media-amazon.com/images/I/813-33vPfVL._AC_UL320_ML3_.jpg,AURION Wrist/Ankle Weights Home Gym Weight Bands,"1,995"
https://m.media-amazon.com/images/I/51QxKVldvTL._AC_UL320_ML3_.jpg,"IRONLIFE FITNESS Leather 30 Kg Weight Plates, 5 and 3 ft Rod, 2 D.Rods Home Gym Equipments with Dumbbell Set","2,025"
https://m.media-amazon.com/images/I/51Y2eooyUkL._AC_UL320_ML3_.jpg,Body Maxx 30Kg Combo- 14Wb Home Gym & Fitness Kit,"5,530"
https://m.media-amazon.com/images/I/51G6m058zdL._AC_UL320_ML3_.jpg,Protoner 20kg Rubber Home Gym Set with Rods,"5,755"
https://m.media-amazon.com/images/I/81TBIt5V60L._AC_UL320_ML3_.jpg,Gymmart 20 In 1 Bench Home Gym Workout Package With 50 Kg Rubber Plates + 3 Ft Curl Rod And 5 Ft Plain Rod + Gym Accessoreis + Dumbbell Rods,"4,999"
https://m.media-amazon.com/images/I/71y+fw78qqL._AC_UL320_ML3_.jpg,Body Maxx 50 Kg Home Gym 3IN1 Multi Weight Bench 4 Rods Fitness Kit Combo 6,999
https://m.media-amazon.com/images/I/516GThw7eOL._AC_UL320_ML3_.jpg,"SPORTO FITNESS%u2122 40 KG Weight Lifting Package with 20 in 1 Bench + 3 Rod Set STADE,CURL,& Egg Rod","4,599"
https://m.media-amazon.com/images/I/81t53efUWJL._AC_UL320_ML3_.jpg,PROTONER 22 KGS + 3' CURL ROD & 2 Dumbbell Rods weight lifting home gym fitness package,"1,385"
https://m.media-amazon.com/images/I/51vEQkYPf+L._AC_UL320_ML3_.jpg,"Bodyfit 50Kg Weight Plates,5Ft Rod,3Ft Curl Rod,2D.Rods Home Gym Dumbell Set.","8,675"
https://m.media-amazon.com/images/I/71+7svWn-EL._AC_UL320_ML3_.jpg,GOLD FITNESS 20 in 1 Bench with Preacher CURL Including Home Gym Kit 80 Kg PVC Weights+Preacher Bench,"91,749"
https://m.media-amazon.com/images/I/51NtJU++6yL._AC_UL320_ML3_.jpg,Body Maxx 10 Kg Home Gym Package + Rubber Plates + 3 Feet Curl Rod + 5 Feet Straight Rod + Gloves + Rope + Flat Bench,"1,389"
https://m.media-amazon.com/images/I/51IVoJdugzL._AC_UL320_ML3_.jpg,"Body Maxx 50 Home Gym Package with 8 in 1 Bench, Rubber Weight Plates 50 kg.","1,700"
https://m.media-amazon.com/images/I/71D2y5sxbLL._AC_UL320_ML3_.jpg,BODYBOSS 2.0 Portable Home Gym - Workout Package + 1 Set of Resistance Bands - Collapsible Resistance Bar Handles - Full Body Workouts for Home Travel or Outside,"2,999"
https://m.media-amazon.com/images/I/61OQpyaMT1L._AC_UL320_ML3_.jpg,Body Maxx 20kg Steel Weight Plates Home Gym Package with 8 in 1 Multipurpose Bench,"1,185"
https://m.media-amazon.com/images/I/71FGSXPEcNL._AC_UL320_ML3_.jpg,GOLD FITNESS Gym Indoor Workout Package Of 8 In1 Bench Home Gym Package With 30 Kg Rubber Plates With 3 Ft Curl Rod + 5 Ft Plain Rod + Gym Accessories,"4,999"
https://m.media-amazon.com/images/I/719FDROldEL._AC_UL320_ML3_.jpg,GymMart Workout Gym Package Of 8 In 1 Bench With 40 Kg Weight And 5 Ft Plain Rod + 3 Ft Curl Rod + Gym Accessories + Dumbbell Rods .,"5,269"
https://m.media-amazon.com/images/I/41SrM9dUCEL._AC_UL320_ML3_.jpg,"Body Maxx 10 Kg Rubber Weight Plates + 3 Ft Biceps / Triceps Bar + 2 Pcs Dumbells Rods + Gloves + Rope, Home Gym Weight Lifting Package","1,499"
https://m.media-amazon.com/images/I/71kcVyBo-kL._AC_UL320_ML3_.jpg,HASHTAG FITNESS Home Gym Equipment Combo 50 Kg with 8 In 1 Multipurpose Bench,"4,499"
https://m.media-amazon.com/images/I/61Dsgr-ePVL._AC_UL320_ML3_.jpg,HASHTAG FITNESS Home Gym 50 kg Steel Weight with 20 in 1 Bench Gyms equipments for Home and Home Gyms with Resistance Bands Handles,"1,999"
https://m.media-amazon.com/images/I/716x+khiPhL._AC_UL320_ML3_.jpg,HASHTAG FITNESS 20 in 1 Bench only with LAT Pull Down Handle Gym Equipment for Home,875
https://m.media-amazon.com/images/I/71yXEjOlK2L._AC_UL320_ML3_.jpg,HASHTAG FITNESS Home Gym Combo 20 in 1 Bench with 80 kg Weight Home Gym & Fitness kit,"1,499"
